"Customer,State,Customer Lifetime Value,Response,Coverage,Education,Effective To Date,EmploymentStatus,Gender,Income,Location Code,Marital Status,Monthly Premium Auto,Months Since Last Claim,Months Since Policy Inception,Number of Open Complaints,Number of Policies,Policy Type,Policy,Renew Offer Type,Sales Channel,Total Claim Amount,Vehicle Class,Vehicle Size
BU79786,Washington,2763.519279,No,Basic,Bachelor,2/24/11,Employed,F,56274,Suburban,Married,69,32,5,0,1,Corporate Auto,Corporate L3,Offer1,Agent,384.811147,Two-Door Car,Medsize
QZ44356,Arizona,6979.535903,No,Extended,Bachelor,1/31/11,Unemployed,F,0,Suburban,Single,94,13,42,0,8,Personal Auto,Personal L3,Offer3,Agent,1131.464935,Four-Door Car,Medsize
AI49188,Nevada,12887.43165,No,Premium,Bachelor,2/19/11,Employed,F,48767,Suburban,Married,108,18,38,0,2,Personal Auto,Personal L3,Offer1,Agent,566.472247,Two-Door Car,Medsize
WW63253,California,7645.861827,No,Basic,Bachelor,1/20/11,Unemployed,M,0,Suburban,Married,106,18,65,0,7,Corporate Auto,Corporate L2,Offer1,Call Center,529.881344,SUV,Medsize
HB64268,Washington,2813.692575,No,Basic,Bachelor,2/3/11,Employed,M,43836,Rural,Single,73,12,44,0,1,Personal Auto,Personal L1,Offer1,Agent,138.130879,Four-Door Car,Medsize
OC83172,Oregon,8256.2978,Yes,Basic,Bachelor,1/25/11,Employed,F,62902,Rural,Married,69,14,94,0,2,Personal Auto,Personal L3,Offer2,Web,159.383042,Two-Door Car,Medsize
XZ87318,Oregon,5380.898636,Yes,Basic,College,2/24/11,Employed,F,55350,Suburban,Married,67,0,13,0,9,Corporate Auto,Corporate L3,Offer1,Agent,321.6,Four-Door Car,Medsize
CF85061,Arizona,7216.100311,No,Premium,Master,1/18/11,Unemployed,M,0,Urban,Single,101,0,68,0,4,Corporate Auto,Corporate L3,Offer1,Agent,363.02968,Four-Door Car,Medsize
DY87989,Oregon,24127.50402,Yes,Basic,Bachelor,1/26/11,Medical Leave,M,14072,Suburban,Divorced,71,13,3,0,2,Corporate Auto,Corporate L3,Offer1,Agent,511.2,Four-Door Car,Medsize
BQ94931,Oregon,7388.178085,No,Extended,College,2/17/11,Employed,F,28812,Urban,Married,93,17,7,0,8,Special Auto,Special L2,Offer2,Branch,425.527834,Four-Door Car,Medsize
SX51350,California,4738.992022,No,Basic,College,2/21/11,Unemployed,M,0,Suburban,Single,67,23,5,0,3,Personal Auto,Personal L3,Offer1,Agent,482.4,Four-Door Car,Small
VQ65197,California,8197.197078,No,Basic,College,1/6/11,Unemployed,F,0,Suburban,Married,110,27,87,0,3,Personal Auto,Personal L3,Offer2,Agent,528,SUV,Medsize
DP39365,California,8798.797003,No,Premium,Master,2/6/11,Employed,M,77026,Urban,Married,110,9,82,2,3,Corporate Auto,Corporate L1,Offer2,Agent,472.029737,Four-Door Car,Medsize
SJ95423,Arizona,8819.018934,Yes,Basic,High School or Below,1/10/11,Employed,M,99845,Suburban,Married,110,23,25,1,8,Corporate Auto,Corporate L3,Offer2,Branch,528,SUV,Medsize
IL66569,California,5384.431665,No,Basic,College,1/18/11,Employed,M,83689,Urban,Single,70,21,10,2,8,Corporate Auto,Corporate L3,Offer4,Call Center,307.139132,Four-Door Car,Medsize
BW63560,Oregon,7463.139377,No,Basic,Bachelor,1/17/11,Employed,F,24599,Rural,Married,64,12,50,1,2,Corporate Auto,Corporate L2,Offer2,Branch,42.920271,Four-Door Car,Medsize
FV94802,Nevada,2566.867823,No,Basic,High School or Below,2/6/11,Medical Leave,M,25049,Suburban,Married,67,14,7,0,1,Personal Auto,Personal L3,Offer2,Call Center,454.245098,Two-Door Car,Medsize
OE15005,California,3945.241604,No,Basic,College,1/5/11,Medical Leave,M,28855,Suburban,Married,101,12,59,0,1,Personal Auto,Personal L2,Offer3,Call Center,647.442031,SUV,Medsize
WC83389,Oregon,5710.333115,No,Basic,College,2/27/11,Employed,M,51148,Urban,Married,72,9,1,0,7,Personal Auto,Personal L2,Offer2,Branch,308.981664,Four-Door Car,Medsize
FL50705,California,8162.617053,No,Premium,High School or Below,1/14/11,Employed,F,66140,Suburban,Married,101,11,21,0,3,Corporate Auto,Corporate L2,Offer1,Call Center,484.8,Four-Door Car,Small
ZK25313,Oregon,2872.051273,No,Basic,High School or Below,2/19/11,Employed,M,57749,Suburban,Single,74,31,21,0,1,Personal Auto,Personal L2,Offer1,Branch,355.2,Two-Door Car,Medsize
SV62436,Washington,3041.791561,No,Extended,Bachelor,1/21/11,Disabled,F,13789,Suburban,Divorced,79,8,49,0,1,Personal Auto,Personal L3,Offer4,Call Center,379.2,Four-Door Car,Medsize
YH23384,Arizona,24127.50402,Yes,Basic,Bachelor,1/26/11,Medical Leave,M,14072,Suburban,Divorced,71,13,3,0,2,Personal Auto,Personal L3,Offer1,Agent,511.2,Four-Door Car,Medsize
TZ98966,Nevada,2450.190996,No,Basic,Bachelor,2/24/11,Unemployed,F,0,Suburban,Single,73,4,44,3,1,Corporate Auto,Corporate L3,Offer1,Branch,554.376763,Four-Door Car,Medsize
HM55802,California,2392.10789,No,Basic,Bachelor,2/5/11,Disabled,F,17870,Suburban,Married,61,30,91,0,1,Corporate Auto,Corporate L2,Offer2,Branch,439.2,Four-Door Car,Medsize
FS42516,Oregon,5802.065978,No,Basic,College,1/29/11,Employed,M,97541,Suburban,Married,72,22,1,0,3,Personal Auto,Personal L3,Offer2,Call Center,389.185006,Four-Door Car,Large
US89481,California,3946.372085,No,Premium,Bachelor,2/28/11,Unemployed,F,0,Suburban,Single,111,15,47,0,1,Personal Auto,Personal L3,Offer1,Agent,799.2,Four-Door Car,Small
HO30839,Washington,5346.916576,No,Extended,Master,2/12/11,Disabled,F,10511,Urban,Married,139,33,64,0,1,Corporate Auto,Corporate L1,Offer1,Branch,516.237951,SUV,Medsize
GE62437,Arizona,12902.56014,No,Premium,College,2/2/11,Employed,F,86584,Suburban,Single,111,33,54,2,2,Personal Auto,Personal L3,Offer1,Call Center,532.8,Four-Door Car,Large
EJ77678,Oregon,3235.360468,No,Extended,Master,2/7/11,Employed,F,75690,Suburban,Married,80,17,44,1,1,Personal Auto,Personal L3,Offer2,Branch,384,Four-Door Car,Small
SV85652,Arizona,2454.58354,No,Basic,College,2/28/11,Employed,M,23158,Suburban,Married,63,4,6,1,1,Personal Auto,Personal L2,Offer4,Call Center,322.294043,Four-Door Car,Small
UL64533,Nevada,18975.45611,No,Extended,High School or Below,1/22/11,Employed,M,65999,Urban,Married,237,1,14,0,6,Corporate Auto,Corporate L2,Offer2,Agent,615.927769,Luxury SUV,Medsize
PF41800,California,4715.321344,No,Basic,Bachelor,1/25/11,Unemployed,M,0,Urban,Married,65,19,56,0,3,Personal Auto,Personal L3,Offer1,Call Center,308.15089,Four-Door Car,Medsize
AO98601,Washington,5018.885233,No,Basic,Bachelor,1/18/11,Employed,M,54500,Suburban,Married,63,28,17,0,6,Corporate Auto,Corporate L2,Offer1,Agent,302.4,Two-Door Car,Small
SK67821,Oregon,4932.916345,No,Basic,Bachelor,2/13/11,Employed,F,37260,Rural,Married,62,19,42,0,8,Corporate Auto,Corporate L1,Offer3,Web,15.437681,Four-Door Car,Medsize
YV55495,Arizona,5744.229745,No,Basic,High School or Below,1/15/11,Employed,F,68987,Urban,Married,71,11,40,0,6,Personal Auto,Personal L1,Offer1,Branch,204.475147,Four-Door Car,Medsize
KY38074,California,13891.73567,No,Premium,Bachelor,1/8/11,Employed,M,42305,Suburban,Married,117,10,62,0,2,Personal Auto,Personal L3,Offer1,Agent,561.6,Four-Door Car,Small
DM79012,Oregon,7380.976717,No,Extended,Master,2/6/11,Employed,F,65706,Suburban,Married,91,19,86,0,8,Personal Auto,Personal L3,Offer2,Web,436.8,Four-Door Car,Small
CM61827,Oregon,3090.034104,No,Extended,Bachelor,1/25/11,Unemployed,M,0,Suburban,Single,90,7,79,0,1,Personal Auto,Personal L2,Offer3,Agent,648,Two-Door Car,Small
WC35801,Arizona,2521.633095,No,Basic,High School or Below,2/7/11,Employed,M,53243,Rural,Divorced,66,4,15,2,1,Personal Auto,Personal L3,Offer1,Call Center,157.397849,Four-Door Car,Medsize
QG25316,Nevada,2652.061785,No,Basic,High School or Below,1/18/11,Unemployed,F,0,Suburban,Married,70,7,1,1,1,Corporate Auto,Corporate L3,Offer3,Call Center,484.318536,Two-Door Car,Medsize
MB98372,Oregon,2771.045031,Yes,Basic,College,1/11/11,Employed,F,50071,Rural,Single,71,3,32,0,1,Corporate Auto,Corporate L3,Offer2,Agent,18.918935,Two-Door Car,Medsize
IL19217,California,3939.00637,Yes,Extended,Bachelor,1/28/11,Employed,F,60021,Suburban,Married,99,12,28,0,1,Personal Auto,Personal L2,Offer2,Agent,882.871945,Four-Door Car,Small
SR38658,Arizona,12231.87968,No,Basic,High School or Below,2/8/11,Employed,M,43244,Suburban,Married,103,15,16,0,2,Personal Auto,Personal L2,Offer4,Agent,494.4,Sports Car,Medsize
DH41343,Washington,2443.665166,No,Basic,College,2/23/11,Employed,M,92834,Suburban,Married,61,15,56,0,1,Special Auto,Special L2,Offer2,Call Center,292.8,Four-Door Car,Large
HG65722,Oregon,12819.10289,No,Premium,Doctor,1/25/11,Disabled,F,10105,Rural,Married,172,5,4,3,3,Personal Auto,Personal L2,Offer1,Branch,0.517753,SUV,Medsize
BU27331,Arizona,4468.510542,No,Basic,Bachelor,1/31/11,Unemployed,M,0,Suburban,Single,73,7,57,3,5,Personal Auto,Personal L3,Offer3,Call Center,579.165954,Four-Door Car,Medsize
XM45289,Oregon,5514.344018,No,Basic,High School or Below,1/2/11,Employed,F,23218,Suburban,Single,71,7,10,0,4,Personal Auto,Personal L2,Offer4,Agent,447.79344,Two-Door Car,Medsize
KP34198,California,3343.875326,No,Extended,Bachelor,2/7/11,Unemployed,F,0,Suburban,Married,92,11,77,0,1,Corporate Auto,Corporate L2,Offer2,Call Center,529.624084,Four-Door Car,Medsize
SH90947,Arizona,2294.478927,No,Basic,High School or Below,1/18/11,Unemployed,F,0,Suburban,Married,62,11,56,0,1,Personal Auto,Personal L2,Offer4,Branch,313.023175,Four-Door Car,Medsize
WE95729,Oregon,36707.42639,No,Basic,College,1/17/11,Employed,M,24804,Suburban,Married,104,1,28,0,2,Personal Auto,Personal L2,Offer1,Agent,593.830288,SUV,Small
PY51963,California,33473.34946,Yes,Basic,Bachelor,1/11/11,Employed,F,33190,Suburban,Divorced,106,18,95,0,2,Corporate Auto,Corporate L1,Offer1,Web,508.8,SUV,Medsize
RB69909,Nevada,7983.431709,No,Basic,High School or Below,2/21/11,Employed,F,36014,Rural,Married,69,4,40,3,2,Special Auto,Special L1,Offer4,Branch,173.956072,Four-Door Car,Medsize
XR95069,Washington,4854.745666,No,Basic,Bachelor,2/16/11,Employed,M,29834,Suburban,Single,64,19,44,0,3,Personal Auto,Personal L3,Offer4,Agent,307.2,Four-Door Car,Medsize
FR46645,California,4293.997319,No,Premium,Bachelor,1/17/11,Disabled,M,16701,Suburban,Married,113,20,26,0,1,Personal Auto,Personal L2,Offer1,Branch,831.625979,Four-Door Car,Small
SY17488,Arizona,7164.395543,No,Extended,College,2/5/11,Employed,F,46623,Suburban,Divorced,91,1,53,0,3,Corporate Auto,Corporate L3,Offer3,Call Center,436.8,Four-Door Car,Small
AP67935,California,7619.5158,No,Basic,College,2/13/11,Employed,M,64749,Urban,Married,64,24,59,0,2,Special Auto,Special L2,Offer2,Branch,302.56519,Four-Door Car,Medsize
FS37417,Arizona,3958.002823,No,Basic,High School or Below,2/23/11,Unemployed,F,0,Suburban,Married,101,29,12,0,1,Personal Auto,Personal L2,Offer1,Call Center,484.8,SUV,Small
ML29312,Oregon,4499.493252,No,Extended,High School or Below,1/28/11,Disabled,F,16969,Suburban,Divorced,124,34,47,2,1,Personal Auto,Personal L3,Offer1,Call Center,704.768111,SUV,Medsize
UB61619,Oregon,4059.567414,No,Premium,Master,2/28/11,Disabled,F,11621,Suburban,Divorced,108,4,98,0,1,Personal Auto,Personal L1,Offer1,Agent,518.4,Four-Door Car,Medsize
CD86811,Arizona,4458.113369,Yes,Basic,Bachelor,1/2/11,Retired,M,17622,Suburban,Divorced,65,1,36,1,3,Personal Auto,Personal L1,Offer1,Agent,312,Four-Door Car,Medsize
RU83859,California,8110.333139,No,Premium,Bachelor,1/22/11,Medical Leave,F,11489,Suburban,Married,105,4,50,0,6,Personal Auto,Personal L3,Offer1,Call Center,504,Two-Door Car,Small
FG63582,Oregon,3339.764873,No,Extended,Bachelor,1/15/11,Unemployed,M,0,Suburban,Single,94,20,53,0,1,Personal Auto,Personal L3,Offer1,Agent,863.327324,Two-Door Car,Small
NN71951,California,24261.01777,No,Basic,High School or Below,1/27/11,Employed,F,66525,Rural,Married,100,0,86,0,2,Personal Auto,Personal L3,Offer1,Agent,104.331355,SUV,Medsize
WB37082,Arizona,6613.973653,No,Basic,Bachelor,1/23/11,Unemployed,F,0,Suburban,Single,63,21,28,0,2,Personal Auto,Personal L3,Offer3,Branch,676.391482,Four-Door Car,Large
SM52139,Washington,2930.693543,No,Basic,College,1/31/11,Employed,M,33663,Suburban,Married,73,29,71,0,1,Personal Auto,Personal L3,Offer3,Web,350.4,Four-Door Car,Medsize
FL82372,Oregon,8672.194272,No,Basic,College,1/26/11,Employed,F,22547,Suburban,Divorced,112,7,60,0,3,Corporate Auto,Corporate L3,Offer1,Agent,537.6,SUV,Medsize
DP45816,Arizona,11638.66926,No,Extended,High School or Below,1/10/11,Employed,F,61486,Urban,Married,97,5,65,0,2,Personal Auto,Personal L3,Offer4,Branch,465.258644,Two-Door Car,Small
GW33762,Oregon,6846.150323,Yes,Extended,Bachelor,1/27/11,Unemployed,F,0,Suburban,Divorced,95,13,20,0,5,Personal Auto,Personal L3,Offer1,Call Center,456,Two-Door Car,Large
RZ33670,California,11727.77648,No,Premium,College,1/9/11,Disabled,F,29879,Suburban,Married,102,17,0,0,2,Personal Auto,Personal L3,Offer3,Web,500.254235,Four-Door Car,Medsize
PY70169,Oregon,22643.83478,No,Basic,High School or Below,2/24/11,Employed,M,93011,Rural,Divorced,113,17,12,0,2,Personal Auto,Personal L3,Offer4,Agent,281.451042,SUV,Medsize
MO91628,Oregon,2614.474305,No,Basic,Master,2/11/11,Employed,M,65186,Rural,Married,65,29,27,0,1,Personal Auto,Personal L2,Offer2,Web,5.434505,Two-Door Car,Large
HW87852,Oregon,2451.752695,No,Basic,Master,2/12/11,Medical Leave,M,26840,Suburban,Married,64,1,47,2,1,Personal Auto,Personal L1,Offer1,Agent,307.2,Four-Door Car,Medsize
HB20453,Oregon,6781.270203,No,Basic,Bachelor,2/4/11,Unemployed,M,0,Suburban,Single,104,30,3,1,5,Personal Auto,Personal L3,Offer1,Agent,982.399613,Sports Car,Medsize
BN87372,Oregon,4974.801539,Yes,Basic,Bachelor,1/18/11,Employed,M,75644,Suburban,Divorced,65,5,68,3,9,Personal Auto,Personal L3,Offer2,Branch,467.803638,Two-Door Car,Medsize
YX23800,Oregon,8591.604933,No,Basic,Bachelor,2/11/11,Employed,M,38984,Suburban,Married,73,27,38,0,2,Personal Auto,Personal L3,Offer2,Branch,350.4,Four-Door Car,Small
DZ87709,Oregon,5592.161392,No,Basic,High School or Below,2/1/11,Employed,F,71811,Rural,Single,71,17,48,0,6,Personal Auto,Personal L1,Offer2,Call Center,29.03416,Four-Door Car,Medsize
XW13033,Nevada,8009.472833,No,Basic,College,2/15/11,Employed,M,20961,Suburban,Married,67,20,33,0,2,Personal Auto,Personal L1,Offer2,Agent,321.6,Four-Door Car,Medsize
LN31673,Washington,11318.08982,No,Extended,College,2/6/11,Employed,M,38923,Rural,Married,99,6,83,2,2,Personal Auto,Personal L3,Offer1,Agent,115.728852,Four-Door Car,Medsize
OM82309,California,58166.55351,No,Basic,Bachelor,2/27/11,Employed,M,61321,Rural,Single,186,0,30,1,2,Personal Auto,Personal L3,Offer2,Branch,427.63121,Luxury Car,Small
ZU35962,California,8025.229358,No,Extended,College,1/26/11,Unemployed,F,0,Rural,Single,77,20,26,0,2,Personal Auto,Personal L3,Offer3,Branch,25.807685,Two-Door Car,Large
VH85817,California,5780.182197,Yes,Basic,High School or Below,2/26/11,Employed,M,51066,Suburban,Single,74,23,0,0,8,Personal Auto,Personal L3,Offer2,Call Center,787.993313,Four-Door Car,Medsize
DT85712,California,4118.539113,No,Basic,Doctor,1/27/11,Employed,M,34378,Suburban,Married,102,12,54,0,1,Personal Auto,Personal L1,Offer3,Branch,489.6,SUV,Medsize
YJ88573,Nevada,2523.07015,No,Basic,Master,1/16/11,Employed,M,43072,Suburban,Married,63,35,15,0,1,Personal Auto,Personal L3,Offer2,Call Center,302.4,Four-Door Car,Large
SQ19467,Oregon,6554.216396,No,Extended,College,1/27/11,Disabled,F,25222,Suburban,Single,90,28,69,0,3,Personal Auto,Personal L3,Offer2,Agent,475.623251,Four-Door Car,Small
HF88410,Washington,7703.397294,No,Basic,High School or Below,2/28/11,Employed,M,36765,Suburban,Married,66,15,32,1,2,Personal Auto,Personal L2,Offer1,Call Center,320.849072,Four-Door Car,Medsize
ET79815,California,5926.729379,Yes,Extended,College,1/25/11,Retired,M,23091,Suburban,Married,96,28,90,5,5,Personal Auto,Personal L1,Offer1,Agent,460.8,Four-Door Car,Medsize
QC35222,California,2683.470677,No,Basic,Bachelor,1/1/11,Employed,F,48269,Urban,Married,69,3,79,3,1,Corporate Auto,Corporate L2,Offer3,Web,282.151207,Four-Door Car,Medsize
CJ15590,Oregon,2695.182419,No,Basic,Bachelor,2/1/11,Employed,F,32720,Suburban,Divorced,67,13,12,0,1,Personal Auto,Personal L2,Offer3,Branch,321.6,Four-Door Car,Medsize
OI48267,California,6047.02516,Yes,Extended,College,2/19/11,Employed,M,20396,Suburban,Married,76,15,60,1,4,Personal Auto,Personal L3,Offer1,Branch,364.8,Four-Door Car,Medsize
JY67916,Oregon,13171.01282,No,Premium,College,1/27/11,Medical Leave,M,21513,Suburban,Married,119,21,81,1,2,Personal Auto,Personal L3,Offer2,Branch,679.827592,Two-Door Car,Small
OE75231,Washington,10656.88195,Yes,Extended,Bachelor,2/27/11,Employed,F,72540,Suburban,Married,88,7,3,0,2,Corporate Auto,Corporate L3,Offer2,Call Center,631.743039,Two-Door Car,Medsize
CZ33664,Oregon,2527.653796,No,Basic,Bachelor,1/17/11,Employed,F,80744,Rural,Married,63,24,84,0,1,Corporate Auto,Corporate L3,Offer1,Agent,11.879037,Four-Door Car,Medsize
WK30175,Oregon,2672.095756,No,Basic,Bachelor,2/10/11,Employed,M,52822,Suburban,Married,67,23,88,0,1,Corporate Auto,Corporate L1,Offer1,Branch,350.529033,Two-Door Car,Small
ON44465,California,5313.294035,No,Extended,High School or Below,1/24/11,Unemployed,F,0,Suburban,Single,77,8,10,1,9,Personal Auto,Personal L2,Offer1,Agent,863.3947,Four-Door Car,Medsize
TV87155,Oregon,20946.19251,No,Basic,Bachelor,2/24/11,Employed,F,69738,Suburban,Married,74,2,26,1,2,Personal Auto,Personal L3,Offer1,Branch,492.127532,Four-Door Car,Large
KH48895,Arizona,8375.353929,No,Basic,Master,2/15/11,Medical Leave,F,17780,Rural,Married,109,12,18,0,9,Personal Auto,Personal L3,Offer1,Branch,132.588288,SUV,Medsize
NZ30757,California,4801.661503,No,Basic,Bachelor,2/16/11,Medical Leave,M,18107,Suburban,Married,62,29,11,0,8,Personal Auto,Personal L2,Offer1,Agent,297.6,Four-Door Car,Medsize
RI22468,Arizona,5745.94334,No,Basic,Bachelor,1/22/11,Employed,F,57740,Urban,Married,74,30,87,3,9,Personal Auto,Personal L1,Offer3,Web,269.905129,Four-Door Car,Medsize
FZ30935,Oregon,6066.115969,No,Extended,College,2/25/11,Employed,M,32627,Suburban,Married,76,11,60,0,7,Personal Auto,Personal L2,Offer1,Agent,380.036697,Two-Door Car,Small
UG93476,California,8002.308333,Yes,Basic,College,1/11/11,Unemployed,F,0,Suburban,Married,107,3,65,0,3,Personal Auto,Personal L3,Offer1,Agent,513.6,SUV,Medsize
AB96670,California,2393.915369,Yes,Basic,College,1/31/11,Unemployed,M,0,Suburban,Single,70,24,10,0,1,Personal Auto,Personal L1,Offer1,Branch,425.266308,Four-Door Car,Medsize
XK64261,Oregon,4762.8179,No,Basic,Bachelor,1/12/11,Employed,M,65795,Rural,Single,62,2,85,1,3,Corporate Auto,Corporate L3,Offer3,Call Center,49.011099,Two-Door Car,Medsize
EV68375,California,4330.38602,Yes,Premium,College,2/16/11,Employed,M,60475,Suburban,Married,107,9,18,0,1,Personal Auto,Personal L3,Offer2,Branch,513.6,Four-Door Car,Medsize
UN51653,California,9402.729769,No,Extended,High School or Below,2/9/11,Unemployed,F,0,Suburban,Single,130,28,88,0,4,Personal Auto,Personal L3,Offer1,Web,936,SUV,Medsize
TO96662,Oregon,6966.694527,No,Extended,Bachelor,1/19/11,Employed,F,41837,Rural,Married,88,29,93,0,9,Personal Auto,Personal L3,Offer1,Call Center,142.062768,Four-Door Car,Small
MR52087,California,7694.064293,No,Basic,Bachelor,1/4/11,Employed,F,32303,Rural,Married,65,13,34,0,2,Personal Auto,Personal L1,Offer3,Branch,45.152521,Four-Door Car,Medsize
DE75225,Oregon,8717.561149,No,Basic,High School or Below,1/9/11,Unemployed,M,0,Suburban,Married,117,5,89,1,3,Personal Auto,Personal L1,Offer1,Agent,561.6,SUV,Medsize
EP80820,California,5928.748528,No,Basic,Bachelor,1/27/11,Employed,F,40531,Rural,Married,74,17,32,0,9,Personal Auto,Personal L3,Offer1,Agent,30.567357,Two-Door Car,Medsize
GU99037,Oregon,2452.977288,No,Basic,College,2/14/11,Employed,M,79898,Urban,Married,62,5,86,1,1,Corporate Auto,Corporate L1,Offer4,Agent,271.606799,Four-Door Car,Medsize
WI57118,California,6701.571657,No,Extended,College,2/27/11,Employed,M,56398,Suburban,Married,85,4,18,0,7,Personal Auto,Personal L3,Offer4,Agent,408,Four-Door Car,Small
YQ74870,Washington,7556.24034,No,Extended,High School or Below,2/12/11,Employed,M,35257,Suburban,Divorced,98,16,2,1,8,Corporate Auto,Corporate L2,Offer2,Web,470.4,Four-Door Car,Small
MQ14219,Arizona,8492.6988,No,Basic,College,2/26/11,Employed,M,27804,Suburban,Married,109,19,54,0,7,Personal Auto,Personal L3,Offer2,Branch,784.8,SUV,Medsize
KN20603,Oregon,7713.494046,No,Basic,Bachelor,2/20/11,Employed,M,45506,Suburban,Single,66,16,32,2,2,Personal Auto,Personal L3,Offer1,Agent,316.8,Four-Door Car,Medsize
CR48975,Washington,24084.5352,No,Basic,High School or Below,2/2/11,Employed,M,65196,Suburban,Married,67,0,54,0,2,Personal Auto,Personal L2,Offer4,Branch,396.082036,Four-Door Car,Medsize
JI70886,California,7290.069769,No,Basic,High School or Below,2/15/11,Unemployed,M,0,Suburban,Married,102,11,70,1,3,Corporate Auto,Corporate L2,Offer1,Agent,489.6,SUV,Medsize
VF72557,Oregon,4772.943848,Yes,Extended,High School or Below,2/18/11,Retired,M,20993,Suburban,Divorced,133,35,90,0,1,Personal Auto,Personal L3,Offer2,Agent,638.4,SUV,Medsize
OX28638,Arizona,6806.491395,No,Extended,High School or Below,1/21/11,Employed,M,37839,Suburban,Married,86,35,77,0,9,Personal Auto,Personal L3,Offer2,Branch,465.633954,Two-Door Car,Medsize
SK55033,California,2469.781334,No,Basic,Bachelor,1/15/11,Employed,F,92711,Suburban,Single,62,24,10,0,1,Personal Auto,Personal L2,Offer3,Agent,368.400146,Two-Door Car,Medsize
OO88645,California,3103.923041,No,Extended,College,2/5/11,Employed,F,74665,Urban,Married,78,10,90,2,1,Corporate Auto,Corporate L2,Offer2,Call Center,236.902001,Four-Door Car,Medsize
YT36855,Washington,2981.875575,No,Extended,College,2/24/11,Unemployed,M,0,Suburban,Married,83,26,89,0,1,Personal Auto,Personal L2,Offer3,Web,582.679087,Two-Door Car,Medsize
CW82151,California,8902.737595,No,Basic,Bachelor,1/5/11,Employed,M,46833,Rural,Married,112,6,3,0,9,Personal Auto,Personal L3,Offer1,Call Center,64.109663,Sports Car,Medsize
DY22043,Oregon,5499.447223,No,Basic,High School or Below,1/28/11,Employed,F,88768,Suburban,Married,68,17,77,0,7,Personal Auto,Personal L3,Offer3,Branch,326.4,Two-Door Car,Small
SH36774,California,15023.59858,No,Basic,High School or Below,1/12/11,Employed,M,28262,Suburban,Single,192,9,77,0,3,Personal Auto,Personal L3,Offer3,Web,921.6,Luxury SUV,Medsize
EM43724,Nevada,2509.107875,No,Basic,Bachelor,2/16/11,Employed,F,33555,Rural,Married,63,17,11,0,1,Personal Auto,Personal L3,Offer1,Agent,101.89645,Four-Door Car,Medsize
FH85960,Oregon,31221.7481,No,Premium,College,1/3/11,Employed,M,42780,Suburban,Divorced,113,10,27,1,2,Personal Auto,Personal L2,Offer1,Call Center,542.4,Four-Door Car,Medsize
XA55993,Oregon,3133.503432,No,Extended,Master,2/7/11,Employed,F,58850,Rural,Single,78,20,26,0,1,Personal Auto,Personal L3,Offer2,Branch,143.747794,Four-Door Car,Medsize
GO36627,Arizona,3837.451863,No,Extended,College,1/13/11,Employed,M,21880,Urban,Married,97,29,37,0,1,Special Auto,Special L2,Offer1,Branch,424.077159,Four-Door Car,Medsize
QH48047,Oregon,11790.49617,Yes,Basic,College,1/3/11,Retired,M,25251,Suburban,Divorced,66,13,43,0,2,Personal Auto,Personal L2,Offer2,Web,316.8,Four-Door Car,Medsize
RB50392,Washington,7838.068321,No,Basic,Master,2/17/11,Unemployed,F,0,Rural,Married,69,9,12,0,2,Personal Auto,Personal L1,Offer2,Agent,2.704934,Four-Door Car,Medsize
UH65059,Arizona,4305.808345,No,Basic,High School or Below,1/21/11,Employed,M,24188,Suburban,Married,109,14,82,0,1,Personal Auto,Personal L3,Offer1,Agent,523.2,Sports Car,Medsize
FV21968,Nevada,5973.976904,No,Basic,Bachelor,1/26/11,Employed,F,41611,Rural,Married,74,14,8,0,8,Special Auto,Special L2,Offer1,Branch,113.801497,Four-Door Car,Medsize
QA87025,Oregon,5670.442396,No,Basic,Bachelor,1/31/11,Employed,F,28406,Urban,Married,72,16,35,1,4,Personal Auto,Personal L3,Offer1,Call Center,192.87572,Four-Door Car,Medsize
TQ13499,Arizona,4731.749346,No,Premium,College,1/2/11,Employed,M,69833,Suburban,Married,118,32,99,0,1,Personal Auto,Personal L3,Offer1,Agent,828.662719,Four-Door Car,Small
BU44523,Arizona,8026.379641,No,Basic,High School or Below,2/7/11,Unemployed,F,0,Suburban,Single,74,15,91,0,2,Corporate Auto,Corporate L2,Offer1,Web,532.8,Four-Door Car,Small
MS41162,Arizona,4022.963529,No,Basic,High School or Below,1/26/11,Unemployed,M,0,Suburban,Single,117,6,1,0,1,Personal Auto,Personal L3,Offer1,Agent,975.107098,SUV,Medsize
PU25891,Oregon,9618.310865,No,Basic,High School or Below,1/11/11,Employed,F,80536,Rural,Married,119,5,83,0,3,Special Auto,Special L2,Offer1,Branch,53.798708,Sports Car,Medsize
RB81636,Washington,2274.775451,No,Basic,College,1/15/11,Unemployed,F,0,Suburban,Single,63,2,5,0,1,Personal Auto,Personal L2,Offer2,Agent,606.642452,Four-Door Car,Small
SX26335,Oregon,9552.926922,No,Extended,College,2/8/11,Employed,F,97732,Urban,Married,79,0,70,0,2,Personal Auto,Personal L3,Offer4,Branch,289.9122,Four-Door Car,Medsize
AZ95587,Arizona,10388.55323,No,Extended,Bachelor,1/11/11,Employed,F,61222,Urban,Single,89,20,55,0,2,Special Auto,Special L3,Offer3,Branch,392.604371,Four-Door Car,Small
DS81757,Oregon,2470.121222,No,Basic,College,1/9/11,Unemployed,M,0,Suburban,Single,74,7,20,0,1,Personal Auto,Personal L1,Offer4,Web,721.242206,Two-Door Car,Large
OJ94107,Arizona,5619.068508,No,Premium,Master,2/4/11,Employed,M,50335,Urban,Married,140,9,54,0,1,Personal Auto,Personal L2,Offer1,Call Center,456.52385,SUV,Medsize
LP84436,California,9047.119209,No,Extended,High School or Below,1/21/11,Unemployed,F,0,Suburban,Single,127,30,11,0,6,Personal Auto,Personal L2,Offer3,Branch,1087.995426,Sports Car,Medsize
YV64727,Washington,6692.143668,No,Premium,High School or Below,2/16/11,Employed,M,63221,Suburban,Married,168,28,49,0,1,Corporate Auto,Corporate L3,Offer3,Agent,806.4,SUV,Medsize
LM19287,Oregon,3731.504584,Yes,Extended,High School or Below,2/24/11,Unemployed,F,0,Suburban,Married,96,31,34,0,1,Personal Auto,Personal L1,Offer1,Agent,460.8,Four-Door Car,Large
ZU18643,Nevada,3660.770258,No,Extended,Bachelor,1/18/11,Employed,M,64495,Urban,Married,92,34,30,0,1,Corporate Auto,Corporate L2,Offer4,Web,251.992083,Four-Door Car,Medsize
AZ82578,California,7928.829252,No,Basic,College,1/30/11,Unemployed,F,0,Suburban,Married,72,7,75,0,2,Corporate Auto,Corporate L3,Offer1,Call Center,345.6,Four-Door Car,Medsize
XC67861,Arizona,5011.751577,No,Basic,Bachelor,1/9/11,Employed,F,28859,Suburban,Divorced,67,24,51,3,4,Corporate Auto,Corporate L2,Offer1,Call Center,321.6,Two-Door Car,Medsize
YC43143,Arizona,7988.258292,No,Extended,High School or Below,2/1/11,Employed,F,77330,Rural,Married,99,0,21,0,3,Personal Auto,Personal L3,Offer2,Web,99.257608,Four-Door Car,Medsize
EK59571,Oregon,3885.456401,Yes,Premium,College,2/28/11,Unemployed,M,0,Suburban,Married,105,3,92,0,1,Corporate Auto,Corporate L2,Offer1,Branch,504,Four-Door Car,Large
GD83998,Washington,2659.337982,No,Basic,Bachelor,1/31/11,Employed,M,24495,Suburban,Single,70,29,65,0,1,Personal Auto,Personal L2,Offer4,Branch,336,Four-Door Car,Small
WA25797,Washington,8564.768226,Yes,Basic,High School or Below,2/17/11,Employed,M,95697,Rural,Married,107,29,29,0,9,Personal Auto,Personal L3,Offer2,Agent,178.006524,Sports Car,Medsize
PD27940,Arizona,4885.162511,No,Extended,High School or Below,2/12/11,Disabled,M,26372,Suburban,Married,126,11,7,0,1,Personal Auto,Personal L3,Offer4,Agent,604.8,SUV,Medsize
BS77946,Arizona,9753.307106,No,Extended,Bachelor,2/24/11,Medical Leave,F,17514,Rural,Married,127,2,5,0,3,Personal Auto,Personal L1,Offer1,Branch,8.312729,SUV,Medsize
YM50253,California,2946.153697,No,Basic,Bachelor,2/1/11,Employed,F,89270,Urban,Single,74,17,90,0,1,Personal Auto,Personal L3,Offer2,Branch,316.599228,Four-Door Car,Medsize
NR15332,California,2581.110945,No,Basic,High School or Below,2/6/11,Employed,M,29757,Suburban,Married,65,13,55,0,1,Personal Auto,Personal L2,Offer2,Web,312,Four-Door Car,Small
RC62865,Oregon,3517.385764,No,Extended,College,1/23/11,Employed,M,51814,Rural,Single,92,28,89,0,1,Personal Auto,Personal L2,Offer3,Agent,56.300724,Four-Door Car,Medsize
CC15295,Oregon,9743.350113,No,Extended,Bachelor,1/21/11,Employed,F,24028,Suburban,Married,82,14,27,0,2,Personal Auto,Personal L2,Offer2,Agent,393.6,Four-Door Car,Small
KA61892,Arizona,3873.647046,Yes,Basic,College,1/20/11,Retired,M,28142,Suburban,Married,105,18,50,0,1,Personal Auto,Personal L3,Offer2,Agent,701.708239,Sports Car,Medsize
OS94884,Arizona,7649.28199,No,Basic,Bachelor,1/6/11,Employed,F,52705,Rural,Married,64,14,8,1,2,Personal Auto,Personal L2,Offer1,Web,128.705563,Two-Door Car,Large
ND87334,California,2287.59692,No,Basic,High School or Below,2/22/11,Unemployed,M,0,Suburban,Married,63,1,5,0,1,Corporate Auto,Corporate L3,Offer2,Agent,679.368378,Two-Door Car,Medsize
ML93326,Washington,4475.424592,No,Basic,College,2/27/11,Employed,F,84903,Urban,Married,111,7,63,0,1,Personal Auto,Personal L1,Offer1,Agent,497.126827,SUV,Medsize
YL74911,California,8714.922135,Yes,Basic,College,2/21/11,Unemployed,F,0,Suburban,Divorced,118,14,64,0,4,Personal Auto,Personal L3,Offer1,Agent,566.4,SUV,Medsize
JP69864,Washington,2248.449633,Yes,Basic,Bachelor,1/29/11,Retired,F,24910,Suburban,Single,63,7,63,1,1,Personal Auto,Personal L1,Offer1,Branch,347.857619,Four-Door Car,Medsize
HL53154,California,7416.197322,No,Extended,Bachelor,2/22/11,Unemployed,M,0,Suburban,Single,77,15,12,2,2,Personal Auto,Personal L3,Offer1,Agent,554.4,Four-Door Car,Medsize
RI78966,Oregon,7771.158973,No,Basic,Master,2/21/11,Medical Leave,M,21876,Suburban,Married,68,12,28,0,2,Personal Auto,Personal L3,Offer1,Agent,465.41477,Four-Door Car,Small
IC13702,California,6968.3419,No,Basic,Bachelor,1/10/11,Unemployed,F,0,Suburban,Single,69,33,61,1,2,Personal Auto,Personal L3,Offer1,Agent,496.8,Four-Door Car,Small
BE10809,California,4250.282624,Yes,Basic,High School or Below,1/18/11,Unemployed,F,0,Suburban,Single,61,17,1,1,7,Personal Auto,Personal L1,Offer1,Agent,292.8,Four-Door Car,Small
HT87217,Oregon,19776.56654,No,Extended,High School or Below,1/16/11,Employed,F,70699,Urban,Divorced,82,1,57,0,2,Personal Auto,Personal L2,Offer3,Agent,256.813837,Four-Door Car,Medsize
TH95618,California,21343.46599,No,Basic,High School or Below,1/6/11,Unemployed,F,0,Suburban,Married,74,11,85,1,2,Personal Auto,Personal L2,Offer1,Agent,355.2,Four-Door Car,Medsize
TS19868,California,2413.139714,No,Basic,College,1/27/11,Medical Leave,M,27501,Suburban,Married,63,20,0,0,1,Personal Auto,Personal L1,Offer4,Branch,542.319401,Four-Door Car,Medsize
LP45550,Oregon,15363.84716,No,Premium,Doctor,1/15/11,Disabled,F,15897,Urban,Divorced,101,30,99,0,2,Personal Auto,Personal L3,Offer2,Agent,303.148399,Four-Door Car,Medsize
QR87004,Nevada,8456.961887,No,Basic,College,1/9/11,Employed,F,25141,Rural,Divorced,73,12,4,1,2,Personal Auto,Personal L3,Offer3,Agent,25.438063,Four-Door Car,Medsize
OE75747,Nevada,2189.642522,No,Basic,College,1/28/11,Unemployed,F,0,Suburban,Married,61,5,46,3,1,Personal Auto,Personal L2,Offer3,Agent,292.8,Four-Door Car,Small
DX91392,California,5780.182197,Yes,Basic,High School or Below,2/26/11,Employed,M,51066,Suburban,Single,74,23,0,0,8,Personal Auto,Personal L2,Offer2,Call Center,787.993313,Four-Door Car,Medsize
AB72731,California,4639.981638,No,Basic,Bachelor,1/4/11,Employed,F,28358,Rural,Married,117,24,37,0,1,Personal Auto,Personal L2,Offer2,Call Center,84.024413,Sports Car,Medsize
RU49126,Washington,4465.335703,No,Basic,College,2/1/11,Employed,F,61846,Rural,Married,112,1,48,0,1,Personal Auto,Personal L2,Offer2,Agent,215.8182,SUV,Medsize
IS12901,Arizona,5968.118877,No,Basic,Bachelor,1/27/11,Employed,F,90972,Urban,Married,74,3,47,0,8,Personal Auto,Personal L3,Offer2,Call Center,232.926145,Two-Door Car,Medsize
IX37561,Washington,5097.763337,No,Basic,College,2/14/11,Unemployed,F,0,Suburban,Single,74,3,95,0,7,Personal Auto,Personal L3,Offer3,Web,532.8,Two-Door Car,Medsize
HH90090,California,4076.634665,No,Basic,Bachelor,1/23/11,Employed,F,29549,Suburban,Divorced,104,17,51,0,1,Personal Auto,Personal L2,Offer2,Call Center,710.433775,Sports Car,Small
IU25463,California,12252.60179,No,Premium,Bachelor,2/18/11,Unemployed,F,0,Suburban,Married,115,12,17,1,2,Personal Auto,Personal L2,Offer1,Agent,552,Four-Door Car,Medsize
KC11055,Nevada,16936.27147,No,Extended,Bachelor,1/24/11,Employed,F,39411,Suburban,Married,217,4,29,2,4,Personal Auto,Personal L3,Offer3,Branch,1122.658899,Luxury Car,Medsize
PD33979,Oregon,4892.435461,No,Basic,High School or Below,2/18/11,Employed,M,21709,Suburban,Married,62,28,17,0,3,Personal Auto,Personal L2,Offer2,Branch,408.374746,Four-Door Car,Large
NK71023,Nevada,9942.304791,No,Extended,Bachelor,1/19/11,Employed,M,67890,Suburban,Single,85,23,57,0,2,Personal Auto,Personal L2,Offer4,Agent,408,Four-Door Car,Small
AB13432,California,3735.838129,No,Basic,Bachelor,1/4/11,Unemployed,M,0,Suburban,Single,110,3,16,0,1,Personal Auto,Personal L3,Offer1,Agent,792,SUV,Medsize
OZ97704,California,13117.52215,No,Basic,High School or Below,2/7/11,Employed,F,84311,Suburban,Single,111,11,98,4,2,Personal Auto,Personal L3,Offer3,Call Center,532.8,SUV,Small
UF46533,California,4574.524094,No,Basic,College,1/30/11,Employed,F,99316,Suburban,Single,114,26,53,0,1,Corporate Auto,Corporate L3,Offer2,Branch,754.358929,SUV,Medsize
XP47431,Arizona,5470.060561,Yes,Extended,Bachelor,2/17/11,Employed,F,54507,Suburban,Married,138,20,11,0,1,Personal Auto,Personal L1,Offer2,Agent,702.990032,SUV"
